{"month": "2025-08", "total_cost": 5848.508900000001, "assigned_cost": 4712.782800000001, "coverage_pct": 0.8058}