owner,cost
team-A,1517.374
team-D,1185.1383
unassigned,1135.7260999999999
team-B,1070.2241
team-C,940.0464000000001
