{"month": "2025-09", "total_cost": 5948.438399999999, "assigned_cost": 5109.855499999999, "coverage_pct": 0.859}